Mobile Name,Price,Display size,Storage,RAM,Brand
Samsung Galaxy M21 (Midnight Blue 4GB RAM 64GB Storage),13999,6.4 in
Display Size,64 GB
Storage,4 GB
RAM,Samsung
Brand
Samsung Galaxy M21 (Raven Black 4GB RAM 64GB Storage),13999,64 GB
Storage,4 GB
RAM,Samsung
Brand,6.4 in
Display Size
Samsung Galaxy M31 (Ocean Blue 6GB RAM 128GB Storage),15999,4 GB
RAM,Samsung
Brand,6.4 in
Display Size,64 GB
Storage
Samsung Guru 1200 (GT-E1200 Black),15999,Samsung
Brand,6.4 in
Display Size,64 GB
Storage,4 GB
RAM
Samsung Galaxy M21 (Midnight Blue 6GB RAM 128GB Storage),12998,6.4 in
Display Size,64 GB
Storage,4 GB
RAM,Samsung
Brand
Samsung Galaxy M21 (Raven Black 6GB RAM 128GB Storage),489,64 GB
Storage,4 GB
RAM,Samsung
Brand,6.4 in
Display Size
Samsung Guru 1200 (GT-E1200 White),841,4 GB
RAM,Samsung
Brand,6.4 in
Display Size,128 GB
Storage
Samsung Guru 1200 (Gold),16999,Samsung
Brand,6.4 in
Display Size,128 GB
Storage,6 GB
RAM
Samsung Guru FM Plus (Gold),14999,6.4 in
Display Size,128 GB
Storage,6 GB
RAM,Samsung
Brand
Samsung Guru Music 2 (SM-B310E Blue),439,128 GB
Storage,6 GB
RAM,Samsung
Brand,1.52 in
Display Size
Samsung Galaxy M20 (Ocean Blue  3GB RAM 32GB Storage 5000mAH Battery),299,6 GB
RAM,Samsung
Brand,1.52 in
Display Size,40 GB
Storage
Samsung Guru Music 2 (SM-B310E Black),299,Samsung
Brand,1.52 in
Display Size,40 GB
Storage,153 MB
RAM
Sbuybay Soft Back Case for Samsung Galaxy A51 [Pudding-Black],999,1.52 in
Display Size,40 GB
Storage,153 MB
RAM,Samsung
Brand
Samsung Galaxy M21 (Midnight Blue 4GB RAM 64GB Storage),13999,6.4 in
Display Size,64 GB
Storage,4 GB
RAM,Samsung
Brand
Samsung Galaxy M21 (Raven Black 4GB RAM 64GB Storage),13999,64 GB
Storage,4 GB
RAM,Samsung
Brand,6.4 in
Display Size
Samsung Galaxy M21 (Raven Black 6GB RAM 128GB Storage),15999,4 GB
RAM,Samsung
Brand,6.4 in
Display Size,64 GB
Storage
Samsung Galaxy M21 (Midnight Blue 6GB RAM 128GB Storage),15999,Samsung
Brand,6.4 in
Display Size,64 GB
Storage,4 GB
RAM
Samsung Galaxy M11 (Black 4GB RAM 64GB Storage) with No Cost EMI/Additional Exchange Offers,12998,6.4 in
Display Size,64 GB
Storage,4 GB
RAM,Samsung
Brand
Samsung Galaxy M11 (Violet 4GB RAM 64GB Storage) with No Cost EMI/Additional Exchange Offers,16999,64 GB
Storage,4 GB
RAM,Samsung
Brand,6.4 in
Display Size
Samsung Galaxy M30s (Blue 6GB RAM 128GB Storage),14999,4 GB
RAM,Samsung
Brand,6.4 in
Display Size,128 GB
Storage
Samsung Guru 1200 (GT-E1200 White),2130,Samsung
Brand,6.4 in
Display Size,128 GB
Storage,6 GB
RAM
Samsung Galaxy M30s (White 4GB RAM 64GB Storage),999,6.4 in
Display Size,128 GB
Storage,6 GB
RAM,Samsung
Brand
Samsung Metro 313 (SM-B313E Gold),20999,128 GB
Storage,6 GB
RAM,Samsung
Brand,6.4 in
Display Size
Samsung Guru FM Plus (SM-B110E/D Dark Blue),16499,6 GB
RAM,Samsung
Brand,6.4 in
Display Size,128 GB
Storage
